epoch,time,train/box_loss,train/cls_loss,train/dfl_loss,metrics/precision(B),metrics/recall(B),metrics/mAP50(B),metrics/mAP50-95(B),val/box_loss,val/cls_loss,val/dfl_loss,lr/pg0,lr/pg1,lr/pg2
1,2.24221,1.95191,3.12472,1.54454,0.01,0.94286,0.14161,0.08175,2.05642,3.14637,1.4171,0.00014,0.00014,0.00014
2,3.97994,1.48828,2.536,1.25821,0.01061,1,0.29993,0.20353,1.07214,2.98642,0.97731,0.000298812,0.000298812,0.000298812
3,5.69551,1.27784,1.56953,1.14708,0.01061,1,0.56303,0.38915,1.10111,2.784,0.9738,0.000456357,0.000456357,0.000456357
4,7.36706,1.20741,1.32681,1.1404,0.36029,0.77143,0.75533,0.41318,1.19075,2.71399,0.97412,0.000612634,0.000612634,0.000612634
5,9.03946,1.21158,1.22112,1.10093,0.01061,1,0.94744,0.56222,1.10192,2.68364,0.94676,0.000767645,0.000767645,0.000767645
6,10.7285,1.3244,1.32385,1.18928,0.01061,1,0.79871,0.47836,1.22146,2.59498,0.99453,0.000921388,0.000921388,0.000921388
7,12.3842,1.23328,1.16063,1.135,0.01061,1,0.3586,0.1799,1.62828,2.61828,1.22185,0.00107386,0.00107386,0.00107386
8,14.0355,1.26801,1.14847,1.18234,0.7016,0.47055,0.63423,0.31877,1.70268,2.26563,1.36997,0.00122507,0.00122507,0.00122507
9,15.6758,1.24072,1.08256,1.11781,0.94336,0.47624,0.80094,0.44877,1.44701,2.30521,1.21929,0.00137501,0.00137501,0.00137501
10,17.3041,1.25151,1.05448,1.16654,0.50244,0.37143,0.59253,0.41467,1.19479,2.28152,1.13563,0.00152369,0.00152369,0.00152369
11,18.9602,1.40674,1.10514,1.24532,0.91027,0.86979,0.94201,0.45614,1.7094,1.88663,1.28771,0.0016711,0.0016711,0.0016711
12,20.5928,1.38709,1.17744,1.22725,0.2103,0.51429,0.26389,0.14761,1.46075,2.35039,1.27935,0.00181724,0.00181724,0.00181724
13,22.2306,1.37757,1.1064,1.22642,0.03474,0.37143,0.01997,0.01294,1.44948,5.27867,1.22691,0.00190496,0.00190496,0.00190496
14,23.9164,1.28464,1.03465,1.19613,0.05565,0.42857,0.03376,0.02126,1.3636,4.06553,1.21898,0.00189704,0.00189704,0.00189704
15,25.5922,1.24159,0.98136,1.1349,0.99532,0.4,0.47371,0.24292,1.81155,2.1106,1.42781,0.00188912,0.00188912,0.00188912
16,27.2772,1.24327,0.96776,1.16877,0.78095,0.57143,0.75625,0.39679,1.63558,1.7805,1.35145,0.0018812,0.0018812,0.0018812
17,28.9427,1.21221,1.04005,1.16719,0.92216,0.85714,0.94683,0.51493,1.55877,1.51131,1.23632,0.00187328,0.00187328,0.00187328
18,30.5919,1.25934,0.90743,1.14026,0.89515,1,0.92835,0.61185,1.16957,1.10558,1.06133,0.00186536,0.00186536,0.00186536
19,32.2495,1.15822,0.93864,1.18615,0.93779,0.97143,0.98452,0.59956,1.34754,0.89129,1.1033,0.00185744,0.00185744,0.00185744
20,33.9669,1.11584,0.81829,1.11328,0.98928,0.94286,0.97785,0.64602,1.17749,0.8393,1.04885,0.00184952,0.00184952,0.00184952
21,35.6631,1.16533,0.84489,1.137,0.93456,0.97143,0.95969,0.61543,1.30352,0.86073,1.07594,0.0018416,0.0018416,0.0018416
22,37.2877,1.22432,0.85169,1.14858,0.96949,1,0.97833,0.63212,1.26459,0.74204,1.10267,0.00183368,0.00183368,0.00183368
23,38.9033,1.20818,0.85868,1.16801,0.95593,1,0.97778,0.61858,1.24909,0.87366,1.11075,0.00182576,0.00182576,0.00182576
24,40.5198,1.17752,0.83221,1.14105,0.89518,1,0.93425,0.53352,1.42993,1.06424,1.13499,0.00181784,0.00181784,0.00181784
25,42.1481,1.18074,0.80628,1.14212,0.91577,0.97143,0.94335,0.58662,1.22074,0.75058,1.05162,0.00180992,0.00180992,0.00180992
26,43.7791,1.14754,0.78036,1.1405,0.96002,1,0.96736,0.65852,1.10845,0.69394,1.01805,0.001802,0.001802,0.001802
27,45.415,1.15607,0.7763,1.11177,0.96957,1,0.96972,0.63743,1.13792,0.65159,1.0576,0.00179408,0.00179408,0.00179408
28,47.0437,1.11866,0.764,1.11345,0.96993,1,0.97611,0.63966,1.22751,0.62804,1.07284,0.00178616,0.00178616,0.00178616
29,48.6645,1.10437,0.72894,1.10631,0.96922,1,0.96736,0.62072,1.19455,0.69176,1.06649,0.00177824,0.00177824,0.00177824
30,50.2946,1.12407,0.75026,1.10121,0.96766,1,0.96736,0.58836,1.32475,0.7697,1.11704,0.00177032,0.00177032,0.00177032
31,51.9432,1.1726,0.83754,1.13573,0.96757,1,0.96736,0.68186,1.11485,0.6495,1.03072,0.0017624,0.0017624,0.0017624
32,53.6048,1.22674,0.75928,1.15477,0.94332,1,0.96612,0.63167,1.25905,0.94794,1.10392,0.00175448,0.00175448,0.00175448
33,55.2309,1.14963,0.72241,1.10839,0.88413,0.91429,0.96489,0.62619,1.16525,1.30697,1.10421,0.00174656,0.00174656,0.00174656
34,56.8684,1.10217,0.69584,1.11437,0.96207,1,0.98167,0.66373,1.16807,0.92129,1.06971,0.00173864,0.00173864,0.00173864
35,58.4965,1.17086,0.72763,1.11808,0.96964,1,0.97056,0.66062,1.10893,0.61019,1.04557,0.00173072,0.00173072,0.00173072
36,60.1224,1.25181,0.73945,1.17271,0.96966,1,0.96736,0.61889,1.12728,0.61374,1.03338,0.0017228,0.0017228,0.0017228
37,61.7449,1.15832,0.75007,1.13919,0.96916,1,0.96736,0.66002,1.12293,0.67272,1.04297,0.00171488,0.00171488,0.00171488
38,63.373,1.12555,0.68044,1.1169,0.96962,1,0.97139,0.66429,1.12827,0.68862,1.05754,0.00170696,0.00170696,0.00170696
39,64.9996,1.19409,1.162,1.19568,0.96959,1,0.99028,0.65092,1.24375,0.62711,1.09266,0.00169904,0.00169904,0.00169904
40,66.6277,1.14756,0.89179,1.16428,1,0.99977,0.995,0.68753,1.18511,0.59771,1.06774,0.00169112,0.00169112,0.00169112
41,68.2673,1.18502,0.71138,1.14981,0.95743,1,0.99361,0.62849,1.30508,0.7094,1.11068,0.0016832,0.0016832,0.0016832
42,69.8969,1.08903,0.66707,1.09392,0.98309,1,0.995,0.69647,1.12331,0.62597,1.02512,0.00167528,0.00167528,0.00167528
43,71.546,1.20581,0.67604,1.19265,0.94159,1,0.99444,0.64729,1.24467,0.78916,1.07606,0.00166736,0.00166736,0.00166736
44,73.1721,1.18935,0.68921,1.14364,0.9877,1,0.995,0.65449,1.24317,0.66838,1.08268,0.00165944,0.00165944,0.00165944
45,74.7964,1.11264,0.65636,1.1208,0.9636,1,0.99444,0.66485,1.17144,0.69737,1.04985,0.00165152,0.00165152,0.00165152
46,76.421,1.0949,0.67546,1.13471,0.99415,1,0.995,0.66315,1.14867,0.61891,1.03808,0.0016436,0.0016436,0.0016436
47,78.0507,1.09388,0.61321,1.09907,0.98469,1,0.995,0.64811,1.21445,0.67611,1.10397,0.00163568,0.00163568,0.00163568
48,79.6751,1.13907,0.65029,1.13868,0.96761,1,0.99444,0.64335,1.22469,0.65055,1.08484,0.00162776,0.00162776,0.00162776
49,81.2993,1.10956,0.62011,1.12449,0.94043,1,0.98735,0.68924,1.09009,0.59093,1.02517,0.00161984,0.00161984,0.00161984
50,82.9234,1.12009,0.63032,1.12127,0.99863,0.97143,0.99392,0.6359,1.31667,0.6502,1.1358,0.00161192,0.00161192,0.00161192
51,84.5481,1.18047,0.6563,1.13171,0.99769,0.97143,0.98773,0.66307,1.20231,0.6398,1.08859,0.001604,0.001604,0.001604
52,86.1767,1.13866,0.62961,1.09433,1,0.99992,0.995,0.69461,1.08805,0.52377,1.01516,0.00159608,0.00159608,0.00159608
53,87.8102,1.0897,0.60487,1.09944,0.97006,1,0.99028,0.70262,1.07848,0.48115,1.01997,0.00158816,0.00158816,0.00158816
54,89.4618,1.0991,0.61932,1.07642,0.97015,1,0.99444,0.70331,1.1085,0.49267,1.0314,0.00158024,0.00158024,0.00158024
55,91.1196,1.15113,0.67769,1.13325,0.99118,1,0.995,0.6905,1.20061,0.51499,1.07815,0.00157232,0.00157232,0.00157232
56,92.762,1.07779,0.60429,1.10571,0.99224,0.97143,0.98154,0.64143,1.31165,0.63218,1.1116,0.0015644,0.0015644,0.0015644
57,94.3869,1.09296,0.61261,1.09959,0.99463,1,0.995,0.62624,1.34298,0.58834,1.11394,0.00155648,0.00155648,0.00155648
58,96.0082,1.05257,0.6068,1.07159,0.99744,1,0.995,0.67267,1.20304,0.475,1.06875,0.00154856,0.00154856,0.00154856
59,97.6445,1.07222,0.59673,1.11137,1,0.99748,0.995,0.69077,1.13441,0.46742,1.05204,0.00154064,0.00154064,0.00154064
60,99.2684,1.06178,0.60066,1.0894,0.99949,1,0.995,0.69903,1.08481,0.48636,1.02657,0.00153272,0.00153272,0.00153272
61,100.895,1.06615,0.5961,1.11476,0.9983,1,0.995,0.69252,1.12464,0.48739,1.04199,0.0015248,0.0015248,0.0015248
62,102.516,1.04722,0.56398,1.08821,0.97042,1,0.99444,0.69063,1.12625,0.48769,1.03774,0.00151688,0.00151688,0.00151688
63,104.14,1.0952,0.58027,1.13292,0.97092,1,0.995,0.69784,1.11138,0.44354,1.01412,0.00150896,0.00150896,0.00150896
64,105.768,1.05206,0.56745,1.06484,0.97486,1,0.995,0.69018,1.08433,0.43609,1.02602,0.00150104,0.00150104,0.00150104
65,107.4,1.09067,0.57254,1.1224,0.96985,1,0.99278,0.69036,1.10434,0.45056,1.0342,0.00149312,0.00149312,0.00149312
66,109.034,1.08101,0.58,1.11949,0.96998,1,0.995,0.69267,1.12069,0.44313,1.01873,0.0014852,0.0014852,0.0014852
67,110.676,1.0761,0.57883,1.10383,0.96837,1,0.96972,0.65874,1.18532,0.50419,1.06279,0.00147728,0.00147728,0.00147728
68,112.318,1.05798,0.54346,1.07538,0.9722,0.99927,0.96889,0.65958,1.14288,0.46757,1.03996,0.00146936,0.00146936,0.00146936
69,113.945,1.08262,0.57751,1.0992,0.97032,1,0.96889,0.68978,1.07887,0.45488,1.01316,0.00146144,0.00146144,0.00146144
70,115.569,1.06129,0.6333,1.12114,0.97026,1,0.96806,0.68967,1.07916,0.46775,1.02042,0.00145352,0.00145352,0.00145352
71,117.198,1.08324,0.57072,1.13557,0.97036,1,0.96736,0.691,1.10815,0.47533,1.03397,0.0014456,0.0014456,0.0014456
72,118.819,1.06393,0.57114,1.10327,0.97047,1,0.96889,0.68756,1.09426,0.4339,1.01624,0.00143768,0.00143768,0.00143768
73,120.448,1.14167,0.58592,1.13884,0.9704,1,0.98806,0.68479,1.13743,0.44904,1.03014,0.00142976,0.00142976,0.00142976
74,122.078,1.05862,0.55851,1.07972,0.97026,1,0.98722,0.69575,1.10053,0.4517,1.02316,0.00142184,0.00142184,0.00142184
75,123.704,1.11511,0.55907,1.11765,0.96988,1,0.98083,0.69975,1.09937,0.45485,1.0259,0.00141392,0.00141392,0.00141392
76,125.337,1.12153,0.59892,1.12292,0.97021,1,0.96736,0.6749,1.11965,0.45733,1.0211,0.001406,0.001406,0.001406
77,126.976,1.06589,0.57018,1.09692,0.97022,1,0.96736,0.7054,1.07447,0.46566,0.99567,0.00139808,0.00139808,0.00139808
78,128.61,1.0751,0.56285,1.09146,0.96985,1,0.96736,0.69577,1.08772,0.45939,1.00303,0.00139016,0.00139016,0.00139016
79,130.245,1.08556,0.54744,1.09871,0.96983,1,0.96736,0.65899,1.17435,0.49213,1.05395,0.00138224,0.00138224,0.00138224
80,131.876,1.13407,0.57947,1.17748,0.96992,1,0.96736,0.64464,1.24731,0.50383,1.04326,0.00137432,0.00137432,0.00137432
81,133.504,1.14827,0.56819,1.12004,0.9699,1,0.96736,0.65274,1.19339,0.51639,1.0854,0.0013664,0.0013664,0.0013664
82,135.129,1.0726,0.5554,1.11589,0.96964,1,0.96736,0.67622,1.07925,0.4831,1.003,0.00135848,0.00135848,0.00135848
83,136.755,1.17728,0.58352,1.22558,0.96935,1,0.96736,0.66805,1.10229,0.46864,1.00878,0.00135056,0.00135056,0.00135056
84,138.382,1.12978,0.57256,1.10404,0.96983,1,0.96736,0.64464,1.16644,0.48779,1.0472,0.00134264,0.00134264,0.00134264
85,140.004,1.05415,0.5275,1.06642,0.97023,1,0.96736,0.66887,1.17424,0.46929,1.03755,0.00133472,0.00133472,0.00133472
86,141.632,1.05586,0.53016,1.09317,0.97067,1,0.96736,0.672,1.1271,0.4574,1.02654,0.0013268,0.0013268,0.0013268
87,143.256,1.08758,0.5395,1.09094,0.97036,1,0.96736,0.62735,1.23617,0.46596,1.07241,0.00131888,0.00131888,0.00131888
88,144.874,1.05391,0.5314,1.11525,0.88043,1,0.9334,0.66126,1.13534,0.56511,1.03497,0.00131096,0.00131096,0.00131096
89,146.491,1.05752,0.53538,1.07861,0.72019,1,0.72946,0.49934,1.12679,0.85012,1.04248,0.00130304,0.00130304,0.00130304
90,148.111,1.0569,0.55246,1.11606,0.97022,1,0.96736,0.65519,1.15764,0.48027,1.05796,0.00129512,0.00129512,0.00129512
91,149.753,1.01973,0.53292,1.06372,0.97019,1,0.96736,0.67028,1.11252,0.46123,1.03807,0.0012872,0.0012872,0.0012872
92,151.384,1.08455,0.57064,1.1432,0.96997,1,0.96736,0.67975,1.10251,0.46884,1.03422,0.00127928,0.00127928,0.00127928
93,153.006,1.01551,0.52094,1.08786,0.96984,1,0.97056,0.682,1.08681,0.45406,1.01787,0.00127136,0.00127136,0.00127136
94,154.633,1.00884,0.52333,1.04323,0.97065,1,0.97056,0.64133,1.13643,0.4488,1.02835,0.00126344,0.00126344,0.00126344
95,156.314,1.09411,0.55369,1.1034,0.97039,1,0.97139,0.67083,1.10066,0.49815,1.03329,0.00125552,0.00125552,0.00125552
96,158.027,1.00775,0.57464,1.07099,0.9704,1,0.96806,0.68602,1.11051,0.47731,1.04335,0.0012476,0.0012476,0.0012476
97,159.706,1.09667,0.53366,1.09393,0.96982,1,0.96806,0.67181,1.09225,0.46621,1.03543,0.00123968,0.00123968,0.00123968
98,161.366,0.99897,0.52128,1.0547,0.96947,1,0.96889,0.68626,1.07331,0.44856,1.01871,0.00123176,0.00123176,0.00123176
99,163.004,1.05418,0.54036,1.07503,0.97045,1,0.97278,0.68796,1.08924,0.45704,1.01921,0.00122384,0.00122384,0.00122384
100,164.628,1.01526,0.51278,1.09248,0.97038,1,0.98333,0.68892,1.09845,0.43584,1.02257,0.00121592,0.00121592,0.00121592
101,166.251,1.0235,0.52386,1.07671,0.97038,1,0.99361,0.70651,1.05991,0.42874,1.01244,0.001208,0.001208,0.001208
102,167.887,1.02264,0.52515,1.07275,0.97038,1,0.99444,0.71763,1.05667,0.40498,1.01462,0.00120008,0.00120008,0.00120008
103,169.538,1.02798,0.50913,1.05721,0.97042,1,0.99444,0.69881,1.07708,0.41446,1.00635,0.00119216,0.00119216,0.00119216
104,171.17,1.0153,0.51457,1.04977,0.97095,1,0.995,0.7098,1.08644,0.43153,1.01347,0.00118424,0.00118424,0.00118424
105,172.795,0.95141,0.48525,1.05045,0.97048,1,0.99361,0.70599,1.11807,0.42412,1.02985,0.00117632,0.00117632,0.00117632
106,174.43,1.03562,0.55301,1.11122,0.97044,1,0.97833,0.72807,1.06773,0.4047,0.99811,0.0011684,0.0011684,0.0011684
107,176.109,1.04074,0.51277,1.08928,0.97045,1,0.97139,0.69973,1.13348,0.41283,1.01076,0.00116048,0.00116048,0.00116048
108,177.737,1.05956,0.5263,1.08319,0.9704,1,0.99111,0.68085,1.18762,0.44595,1.05162,0.00115256,0.00115256,0.00115256
109,179.355,1.0921,0.56323,1.11909,0.96238,1,0.99361,0.69878,1.13672,0.51257,1.02886,0.00114464,0.00114464,0.00114464
110,180.975,1.11989,0.57764,1.12379,0.96378,1,0.995,0.72619,1.08249,0.53707,1.01715,0.00113672,0.00113672,0.00113672
111,182.605,0.9962,0.50902,1.06142,0.97028,1,0.98722,0.70149,1.09822,0.43392,1.03042,0.0011288,0.0011288,0.0011288
112,184.228,1.03376,0.50339,1.13162,0.97043,1,0.98556,0.70299,1.122,0.45042,1.03428,0.00112088,0.00112088,0.00112088
113,185.858,1.03782,0.51487,1.10273,0.97048,1,0.97917,0.69651,1.10877,0.43775,1.03191,0.00111296,0.00111296,0.00111296
114,187.484,1.04301,0.54585,1.09137,0.97043,1,0.96972,0.69103,1.11643,0.43112,1.01792,0.00110504,0.00110504,0.00110504
115,189.119,1.01968,0.52996,1.07013,0.97033,1,0.96889,0.6734,1.14118,0.44868,1.03207,0.00109712,0.00109712,0.00109712
116,190.742,1.01844,0.52999,1.0804,0.96991,1,0.96736,0.66714,1.17635,0.46659,1.04135,0.0010892,0.0010892,0.0010892
117,192.359,0.9891,0.51336,1.06506,0.96972,1,0.96889,0.67818,1.11536,0.48558,1.03786,0.00108128,0.00108128,0.00108128
118,193.974,1.02213,0.50944,1.07066,0.9703,1,0.98389,0.68721,1.11944,0.48756,1.04448,0.00107336,0.00107336,0.00107336
119,195.589,1.03249,0.50193,1.11345,0.97038,1,0.98167,0.67919,1.13505,0.45975,1.05765,0.00106544,0.00106544,0.00106544
120,197.207,0.99189,0.5294,1.09116,0.9704,1,0.9825,0.68982,1.07744,0.46358,1.02144,0.00105752,0.00105752,0.00105752
121,198.832,1.06544,0.52875,1.12129,0.97041,1,0.97778,0.7083,1.05005,0.42609,1.00212,0.0010496,0.0010496,0.0010496
122,200.444,1.05546,0.50639,1.07624,0.9704,1,0.99111,0.7214,1.07386,0.42146,1.00373,0.00104168,0.00104168,0.00104168
123,202.065,1.04671,0.52006,1.08042,0.97048,1,0.99111,0.70462,1.12073,0.42143,1.01604,0.00103376,0.00103376,0.00103376
124,203.702,0.99372,0.50871,1.07053,0.97043,1,0.98389,0.6881,1.1248,0.4152,1.01907,0.00102584,0.00102584,0.00102584
125,205.322,1.01963,0.50075,1.0693,0.97038,1,0.97139,0.68378,1.16531,0.41245,1.03644,0.00101792,0.00101792,0.00101792
126,206.947,0.95511,0.4954,1.07801,0.97031,1,0.96889,0.68966,1.11752,0.41639,1.02177,0.00101,0.00101,0.00101
127,208.589,1.0376,0.53705,1.11468,0.97034,1,0.96889,0.69285,1.13228,0.41666,1.0175,0.00100208,0.00100208,0.00100208
128,210.233,0.99746,0.49016,1.06024,0.97046,1,0.97222,0.7083,1.12958,0.4179,1.02347,0.00099416,0.00099416,0.00099416
129,211.886,1.06279,0.49009,1.07824,0.97844,1,0.995,0.71412,1.12202,0.42354,1.02477,0.00098624,0.00098624,0.00098624
130,213.549,0.98368,0.49947,1.05658,0.97024,1,0.99444,0.73084,1.09025,0.40953,1.00931,0.00097832,0.00097832,0.00097832
131,215.218,1.05937,0.5087,1.11754,0.99764,1,0.995,0.73015,1.08355,0.41286,1.01017,0.0009704,0.0009704,0.0009704
132,216.921,0.99323,0.51138,1.06474,0.9703,1,0.98556,0.70372,1.09962,0.41048,1.01911,0.00096248,0.00096248,0.00096248
133,218.606,0.9958,0.48888,1.05683,0.97042,1,0.98,0.69855,1.13687,0.42384,1.03703,0.00095456,0.00095456,0.00095456
134,220.288,1.04842,0.54043,1.11785,0.9705,1,0.99028,0.65641,1.19468,0.4355,1.06376,0.00094664,0.00094664,0.00094664
135,221.949,0.9767,0.50996,1.03431,0.97047,1,0.98889,0.68956,1.16834,0.42922,1.04383,0.00093872,0.00093872,0.00093872
136,223.585,0.95708,0.52588,1.04585,0.97044,1,0.97833,0.69557,1.13875,0.43053,1.02762,0.0009308,0.0009308,0.0009308
137,225.223,0.9813,0.48181,1.06212,0.97043,1,0.97056,0.66336,1.18683,0.43213,1.03696,0.00092288,0.00092288,0.00092288
138,226.884,1.01198,0.47278,1.07581,0.97044,1,0.97694,0.69496,1.12202,0.41372,1.02192,0.00091496,0.00091496,0.00091496
139,228.529,0.97339,0.477,1.04988,0.97041,1,0.98472,0.70485,1.12045,0.41958,1.01662,0.00090704,0.00090704,0.00090704
140,230.17,1.04156,0.55013,1.08021,0.97053,1,0.98806,0.72193,1.09174,0.43211,1.00543,0.00089912,0.00089912,0.00089912
141,231.833,0.98946,0.49684,1.05008,0.97051,1,0.99444,0.72169,1.13987,0.43512,1.0239,0.0008912,0.0008912,0.0008912
142,233.482,1.09954,0.69921,1.17737,0.97018,1,0.99194,0.70881,1.1397,0.44449,1.01815,0.00088328,0.00088328,0.00088328
143,235.123,0.98399,0.48754,1.07737,0.95897,1,0.97139,0.66171,1.13948,0.48268,1.02853,0.00087536,0.00087536,0.00087536
144,236.758,0.98881,0.53795,1.05518,0.85971,1,0.91835,0.6244,1.17327,0.5656,1.04296,0.00086744,0.00086744,0.00086744
145,238.401,0.93107,0.46702,1.03263,0.9438,1,0.96972,0.68461,1.15041,0.46641,1.0288,0.00085952,0.00085952,0.00085952
146,240.051,0.97709,0.45769,1.03343,0.75444,1,0.93384,0.66096,1.14255,0.65859,1.03226,0.0008516,0.0008516,0.0008516
147,241.683,1.00099,0.49251,1.08869,0.76492,1,0.96905,0.67444,1.16151,0.61389,1.04697,0.00084368,0.00084368,0.00084368
148,243.313,1.03382,0.47225,1.08147,0.81185,1,0.99278,0.67573,1.18912,0.56393,1.05796,0.00083576,0.00083576,0.00083576
149,244.946,1.01412,0.48687,1.11732,0.82649,1,0.995,0.66845,1.1705,0.53749,1.04178,0.00082784,0.00082784,0.00082784
150,246.577,1.01147,0.49977,1.04343,0.79748,1,0.97594,0.67479,1.1354,0.57064,1.03548,0.00081992,0.00081992,0.00081992
151,248.197,0.86298,0.46563,1.03453,0.88119,1,0.98552,0.69031,1.12134,0.6423,1.03283,0.000812,0.000812,0.000812
152,249.816,0.99358,0.51755,1.08696,0.72455,1,0.82527,0.56949,1.1571,0.91691,1.05416,0.00080408,0.00080408,0.00080408
153,251.447,0.91297,0.47097,1.02748,0.66438,1,0.77884,0.54016,1.11017,1.06735,1.04278,0.00079616,0.00079616,0.00079616
154,253.07,1.01359,0.52344,1.06658,0.76696,1,0.79564,0.54336,1.13513,0.98544,1.06089,0.00078824,0.00078824,0.00078824
155,254.687,0.95094,0.47246,1.05182,0.66089,1,0.74862,0.52298,1.14255,0.8963,1.0496,0.00078032,0.00078032,0.00078032
156,256.325,1.06064,0.4699,1.09121,0.74462,1,0.90352,0.64619,1.14836,0.66528,1.02798,0.0007724,0.0007724,0.0007724
157,257.957,1.01587,0.46523,1.08543,0.7967,1,0.92787,0.65344,1.13359,0.64566,1.03147,0.00076448,0.00076448,0.00076448
158,259.586,0.92684,0.45275,1.03145,0.97012,1,0.97278,0.6872,1.12428,0.44361,1.02677,0.00075656,0.00075656,0.00075656
159,261.232,0.97552,0.47971,1.04288,0.96995,1,0.98333,0.69666,1.14383,0.41793,1.03063,0.00074864,0.00074864,0.00074864
160,262.862,0.9911,0.49362,1.07214,0.97045,1,0.98333,0.68926,1.16287,0.43567,1.03363,0.00074072,0.00074072,0.00074072
161,264.49,0.97178,0.47786,1.05514,0.9704,1,0.96889,0.67777,1.1465,0.45313,1.03202,0.0007328,0.0007328,0.0007328
162,266.119,0.98181,0.47889,1.06458,0.97032,1,0.96806,0.67561,1.11978,0.44846,1.02025,0.00072488,0.00072488,0.00072488
163,267.754,1.00537,0.52365,1.06448,0.9703,1,0.96736,0.67087,1.10062,0.42452,1.01997,0.00071696,0.00071696,0.00071696
164,269.384,0.99498,0.48814,1.09597,0.97022,1,0.96736,0.66541,1.10772,0.41625,1.01779,0.00070904,0.00070904,0.00070904
165,271.016,0.97377,0.47076,1.0481,0.97029,1,0.98556,0.68222,1.1322,0.41654,1.02324,0.00070112,0.00070112,0.00070112
166,272.647,0.96159,0.46607,1.05902,0.97052,1,0.99444,0.69705,1.14726,0.42796,1.03018,0.0006932,0.0006932,0.0006932
167,274.282,0.94316,0.44801,1.02662,0.97049,1,0.99111,0.69478,1.14399,0.42249,1.03178,0.00068528,0.00068528,0.00068528
168,275.914,0.9787,0.4786,1.05296,0.9704,1,0.9825,0.69408,1.13545,0.41346,1.03059,0.00067736,0.00067736,0.00067736
169,277.547,0.95361,0.47437,1.05031,0.97029,1,0.96806,0.66973,1.14755,0.42163,1.03451,0.00066944,0.00066944,0.00066944
170,279.178,0.96485,0.46463,1.05585,0.97019,1,0.96806,0.69899,1.12848,0.41066,1.03212,0.00066152,0.00066152,0.00066152
171,280.808,0.92846,0.47112,1.02315,0.97037,1,0.96736,0.70547,1.11249,0.41711,1.03172,0.0006536,0.0006536,0.0006536
172,282.438,0.96777,0.46559,1.04388,0.9705,1,0.96736,0.71331,1.1014,0.41768,1.02428,0.00064568,0.00064568,0.00064568
173,284.068,0.95844,0.44499,1.04292,0.97051,1,0.96736,0.6968,1.11462,0.4131,1.02738,0.00063776,0.00063776,0.00063776
174,285.698,1.05074,0.48167,1.12321,0.96992,1,0.96806,0.69578,1.13376,0.43193,1.0348,0.00062984,0.00062984,0.00062984
175,287.324,0.97839,0.49385,1.09599,0.97051,1,0.96806,0.6863,1.13833,0.44511,1.04346,0.00062192,0.00062192,0.00062192
176,288.958,0.92767,0.43367,1.04486,0.97044,1,0.96806,0.68399,1.12805,0.43027,1.03479,0.000614,0.000614,0.000614
177,290.601,0.91998,0.44952,1.04227,0.97019,1,0.97361,0.69182,1.1272,0.41955,1.02777,0.00060608,0.00060608,0.00060608
178,292.233,0.9333,0.48852,1.03191,0.97006,1,0.98167,0.70943,1.12764,0.41097,1.02551,0.00059816,0.00059816,0.00059816
179,293.867,0.96165,0.45035,1.03829,0.97006,1,0.98389,0.701,1.10898,0.41103,1.02113,0.00059024,0.00059024,0.00059024
180,295.502,0.90098,0.44976,1.0317,0.96847,1,0.98806,0.70667,1.10343,0.42728,1.01679,0.00058232,0.00058232,0.00058232
181,297.135,0.9442,0.47037,1.06322,0.96953,1,0.98389,0.70014,1.07577,0.39935,1.00781,0.0005744,0.0005744,0.0005744
182,298.767,0.94778,0.4629,1.04826,0.9703,1,0.97778,0.72698,1.06866,0.40732,1.00659,0.00056648,0.00056648,0.00056648
183,300.4,0.92467,0.45766,1.01438,0.97046,1,0.96806,0.6947,1.09608,0.42494,1.0199,0.00055856,0.00055856,0.00055856
184,302.031,0.94486,0.4448,1.03903,0.97048,1,0.96736,0.70914,1.08996,0.43621,1.02432,0.00055064,0.00055064,0.00055064
185,303.666,0.89,0.48385,1.03445,0.97048,1,0.96806,0.69605,1.08771,0.41597,1.02033,0.00054272,0.00054272,0.00054272
186,305.326,0.908,0.43594,1.02301,0.97048,1,0.96806,0.70665,1.07904,0.40674,1.01459,0.0005348,0.0005348,0.0005348
187,306.959,0.96511,0.44378,1.06703,0.96975,1,0.96889,0.69104,1.08494,0.40774,1.02156,0.00052688,0.00052688,0.00052688
188,308.58,0.95197,0.44614,1.05238,0.9678,1,0.97278,0.6906,1.11087,0.41791,1.0285,0.00051896,0.00051896,0.00051896
189,310.198,0.94604,0.4803,1.07529,0.96463,1,0.97222,0.68926,1.12351,0.43415,1.03079,0.00051104,0.00051104,0.00051104
190,311.823,0.96233,0.44182,1.0418,0.96169,1,0.96806,0.70048,1.13343,0.44561,1.03127,0.00050312,0.00050312,0.00050312
191,313.456,0.955,0.47067,1.03929,0.96593,1,0.96806,0.65337,1.20473,0.4356,1.05587,0.0004952,0.0004952,0.0004952
192,315.087,0.92623,0.44183,1.04104,0.94274,1,0.96736,0.67732,1.16391,0.45825,1.03724,0.00048728,0.00048728,0.00048728
193,316.78,0.94372,0.44833,1.04939,0.93213,1,0.9614,0.67734,1.13821,0.52352,1.02766,0.00047936,0.00047936,0.00047936
194,318.473,0.92844,0.4336,1.02409,0.90463,1,0.96736,0.66809,1.15481,0.55566,1.03905,0.00047144,0.00047144,0.00047144
195,320.115,0.92578,0.43945,1.01573,0.84707,1,0.90427,0.63136,1.1373,0.68003,1.03614,0.00046352,0.00046352,0.00046352
196,321.756,0.94825,0.4629,1.08475,0.91663,1,0.97222,0.67848,1.12719,0.52791,1.03333,0.0004556,0.0004556,0.0004556
197,323.399,0.94112,0.44765,1.0286,0.96925,1,0.97056,0.68133,1.12765,0.44024,1.03237,0.00044768,0.00044768,0.00044768
198,325.048,0.9344,0.45931,1.02933,0.97044,1,0.96806,0.68302,1.14026,0.43674,1.02969,0.00043976,0.00043976,0.00043976
199,326.689,0.91313,0.44388,1.02786,0.97044,1,0.96806,0.67989,1.11701,0.42467,1.02062,0.00043184,0.00043184,0.00043184
200,328.348,0.95601,0.45505,1.07829,0.97045,1,0.96806,0.69312,1.10498,0.42303,1.01528,0.00042392,0.00042392,0.00042392
201,330.001,0.94772,0.46758,1.07486,0.97043,1,0.96806,0.7016,1.10567,0.41318,1.01108,0.000416,0.000416,0.000416
202,331.622,0.90971,0.44391,1.04973,0.97045,1,0.96806,0.68879,1.09032,0.40807,1.01268,0.00040808,0.00040808,0.00040808
203,333.253,0.90328,0.43213,1.01731,0.97045,1,0.96806,0.69043,1.09854,0.40105,1.01961,0.00040016,0.00040016,0.00040016
204,334.882,0.94408,0.51629,1.06012,0.97043,1,0.96806,0.69587,1.103,0.4028,1.02577,0.00039224,0.00039224,0.00039224
205,336.513,0.88227,0.42962,1.01933,0.97027,1,0.96806,0.68342,1.14234,0.41113,1.03804,0.00038432,0.00038432,0.00038432
206,338.16,0.87874,0.44704,1.04149,0.97027,1,0.96806,0.67296,1.15552,0.41927,1.04431,0.0003764,0.0003764,0.0003764
207,339.795,0.90469,0.4295,1.01514,0.97034,1,0.96806,0.68993,1.11151,0.40818,1.02689,0.00036848,0.00036848,0.00036848
208,341.456,0.89356,0.44069,1.04944,0.97043,1,0.96806,0.70375,1.09409,0.40566,1.01805,0.00036056,0.00036056,0.00036056
209,343.092,0.91954,0.44815,1.03988,0.97047,1,0.96806,0.70337,1.10528,0.40726,1.02346,0.00035264,0.00035264,0.00035264
210,344.722,0.93683,0.44533,1.01294,0.97047,1,0.96806,0.69619,1.11398,0.41061,1.02338,0.00034472,0.00034472,0.00034472
211,346.362,0.88676,0.42362,1.03598,0.97047,1,0.96806,0.70214,1.10145,0.40635,1.01709,0.0003368,0.0003368,0.0003368
212,347.99,0.9509,0.43888,1.02425,0.97045,1,0.96806,0.70946,1.09546,0.40244,1.01768,0.00032888,0.00032888,0.00032888
213,349.614,0.91186,0.40925,1.04946,0.97032,1,0.96806,0.69816,1.12505,0.40783,1.02603,0.00032096,0.00032096,0.00032096
214,351.24,0.94969,0.44098,1.04132,0.97015,1,0.96806,0.67999,1.14882,0.41652,1.03892,0.00031304,0.00031304,0.00031304
215,352.878,0.87556,0.39721,1.01454,0.96991,1,0.96806,0.67948,1.15259,0.42236,1.04152,0.00030512,0.00030512,0.00030512
216,354.503,0.92456,0.44799,1.03463,0.96977,1,0.96806,0.67938,1.16327,0.42734,1.03922,0.0002972,0.0002972,0.0002972
217,356.127,0.9014,0.41674,1.03694,0.96991,1,0.96806,0.67675,1.16382,0.42991,1.03584,0.00028928,0.00028928,0.00028928
218,357.759,0.8748,0.44816,1.01774,0.97019,1,0.96806,0.67811,1.16755,0.43119,1.03461,0.00028136,0.00028136,0.00028136
219,359.401,0.88424,0.40949,1.0266,0.97023,1,0.96806,0.68293,1.15964,0.42183,1.0352,0.00027344,0.00027344,0.00027344
220,361.061,0.88744,0.43496,1.02127,0.9703,1,0.96806,0.68929,1.15184,0.4154,1.03734,0.00026552,0.00026552,0.00026552
221,362.689,0.90783,0.43919,1.02922,0.97042,1,0.96806,0.68712,1.14723,0.41063,1.04155,0.0002576,0.0002576,0.0002576
222,364.32,0.92138,0.4242,1.03392,0.97045,1,0.96806,0.69867,1.16762,0.40838,1.04864,0.00024968,0.00024968,0.00024968
223,365.952,0.87184,0.41205,1.03367,0.97049,1,0.96806,0.6832,1.17688,0.41248,1.05201,0.00024176,0.00024176,0.00024176
224,367.583,0.89225,0.41232,1.0205,0.97047,1,0.96806,0.68039,1.18123,0.41741,1.05486,0.00023384,0.00023384,0.00023384
225,369.224,0.91871,0.42985,1.02822,0.97051,1,0.96806,0.69076,1.16888,0.41407,1.04472,0.00022592,0.00022592,0.00022592
226,370.86,0.87575,0.41821,1.02693,0.97051,1,0.96806,0.68662,1.16062,0.41841,1.03722,0.000218,0.000218,0.000218
227,372.495,0.91485,0.43425,1.02739,0.9705,1,0.96806,0.68734,1.15878,0.41967,1.04085,0.00021008,0.00021008,0.00021008
228,374.134,0.88977,0.41635,1.01249,0.97048,1,0.96806,0.66993,1.16001,0.41709,1.04661,0.00020216,0.00020216,0.00020216
229,375.774,0.85868,0.40045,0.99998,0.97047,1,0.96806,0.6781,1.15578,0.41816,1.04739,0.00019424,0.00019424,0.00019424
230,377.416,0.88798,0.40868,1.02469,0.9705,1,0.96806,0.68174,1.15191,0.41607,1.04628,0.00018632,0.00018632,0.00018632
